{
  "run_id": "ld32_b0.1_s42_20260311_001705",
  "ckpt_path": "/teamspace/studios/this_studio/text-vae-nlp/runs/ld32_b0.1_s42_20260311_001705/checkpoints/last.ckpt",
  "ckpt_kind": "last",
  "split": "train",
  "n_texts": 3000,
  "max_length": 128,
  "au_threshold": 0.01,
  "latent_dim": 32,
  "beta": 0.1,
  "kl_free_bits": 0.1,
  "kl_loss": 0.030490024015307426,
  "kl_used": 0.04969998449087143,
  "recon_loss": 0.0060307662934064865,
  "n_active": 0,
  "active_ratio": 0.0,
  "mean_dim_var": 4.0374789023189805e-06,
  "max_dim_var": 1.2165878615633119e-05,
  "min_dim_var": 1.3955522035757895e-06,
  "dim_var": [
    8.514720320818014e-06,
    8.829450962366536e-06,
    1.2165878615633119e-05,
    2.0163643057458103e-06,
    3.030089601452346e-06,
    7.226888556033373e-06,
    4.865654318564339e-06,
    3.4782749480655184e-06,
    2.4560579277022043e-06,
    1.4649549484602176e-06,
    1.3955522035757895e-06,
    1.7945408217201475e-06,
    1.798701987354434e-06,
    2.9026155061728787e-06,
    1.2076997336407658e-05,
    4.03073272536858e-06,
    2.6995446660293965e-06,
    1.628206860004866e-06,
    2.7309472443448612e-06,
    8.584640454500914e-06,
    1.0112087693414651e-05,
    2.5116059987340122e-06,
    2.4306884824909503e-06,
    1.995088496187236e-06,
    1.7290540199610405e-06,
    1.5951344494169462e-06,
    2.326004050701158e-06,
    2.5825218017416773e-06,
    2.438284809613833e-06,
    3.473281367405434e-06,
    1.4649546073997044e-06,
    2.84980387732503e-06
  ]
}